File Name,Title,Text,First Words,Last Words,Sentiment,Sentiment Score,Racial_Hate_Speech,Explanation_Hate_Speech,Motivation_Author,Explanation_Motivation
"Όταν Πλεύρης, Βορίδης και Άδωνης ξεχείλιζαν από ρατσισμό! (Video) - Documento.html","Όταν Πλεύρης, Βορίδης και Άδωνης ξεχείλιζαν από ρατσισμό! (Video) - Documento","Βέβαια αυτό δεν σημαίνει πως οι μεταγραφές από τον ΛΑΟΣ προς τη Νέα Δημοκρατία (επί Αντώνη Σαμαρά) έχουν αλλάξει τις απόψεις τους, αλλά σήμερα και οι τρεις μάλλον θέλουν να ξεχάσουν το τι έλεγαν χρόνια πριν απευθυνόμενοι στο ακροδεξιό κοινό τους.
Τι έλεγαν πριν από μερικά χρόνια οι κύριοι Θάνος Πλεύρης, Μάκης Βορίδης και Άδωνης Γεωργιάδης
Ο Θάνος Πλεύρης
αναρωτιέται από βήματος (βλ. βίντεο) αν μπορεί ένας αλλοδαπός να έχει την ελληνική ιθαγένεια και απαντά (μαζί με το κοινό του)
«Όχι και δεν θα εκχωρήσουμε το δικαίωμα να αποφασίζει για τις τύχες του ελληνικού έθνους κανένας παρά μόνον όσοι γεννήθηκαν Έλληνες»
Από την πλευρά του ο Μάκης Βορίδης
(βλ. βίντεο) αναφέρεται σε ένα κορίτσι από την Νιγηρία που μιλούσε ελληνικά και έλεγε πως έχει μεγαλώσει στην Ελλάδα, δεν έχει γνωρίσει άλλη πατρίδα δεν έχει πάει ποτέ στην Νιγηρία. «Είμαι Ελληνίδα» λέει στο κοινό του μεταφέροντας τη δήλωσή της. Ο ίδιος δηλώνει πως αναρωτήθηκε εκείνη την ώρα τι ακριβώς εννοεί το κορίτσι για να συμπληρώσει αν… σκέφτεται τον παππού της να πολεμάει στους αγώνες του 12-13, αν σκέφτεται τους προγόνους της να είναι με τον Καραϊσκάκη και τον Κολοκοτρώνη. «
Ο δικός μας πατριωτισμός είναι που λέει πως εμείς είμαστε οι απόγονοι του Πλάτωνα, του Σωκράτη, του Αριστοτέλη, των Βυζαντινών Αυτοκρατόρων…
Αλλά είναι και ο σημερινός Άδωνης Γεωργιάδης
(Βίντεο) που τότε βροντοφώναζε το μεγάλο «Όχι» στο νομοσχέδιο για την Ιθαγένεια.
«Η Ελλάδα ανήκει στους Έλληνες»
, φώναζε τότε ο νυν υπουργός Ανάπτυξης και Επενδύσεων Άδωνης Γεωργιάδης.
Αυτοί πανηγυρίζουν για σένα τώρα Γιάννη
pic.twitter.com/mE0ZJm0gNa
— Ιερώνυμος boss_2 (@JeronymoBoss2)
July 21, 2021
Τι κάνουν όλοι αυτοί σήμερα μετά το Βατερλό και την προσπάθεια ακόμα και του πρωθυπουργού Κυριάκου Μητσοτάκη να χρησιμοποιήσει τη διάκριση και την τεράστια επιτυχία του Γιάννη Αντετοκούνμπο όταν τότε του αρνιόντουσαν την ελληνική ιθαγένεια;
Και ο «Giannis» τους έβαλε τα γυαλιά ή πιο απλά τους απέδειξε το ρατσισμό τους!
Ο μεν Θάνος Πλεύρης μέσω Twitter προσπαθεί να διαψεύσει ρατσιστικό tweet… για να αποδείξει ότι δεν είναι… αυτό που νομίζουμε.
Τα δύο άλλα ακροδεξιά μεγαλοστελέχη της Νέας Δημοκρατίας απέχουν παντελώς από κάθε σχόλιο
Πλήρης σιγή (μέχρι στιγμής) από τον υπουργό Εσωτερικών Μάκη Βορίδη που περιορίζεται στο υπουργείο του…
Ο υπουργός Ανάπτυξης και Επενδύσεων Άδωνης Γεωργιάδης επιλέγει τη σιωπή (εξάλλου έχει πει τόσα) αλλά ένα εθνικοπατριωτικό δεν λείπει:
Ίσως γιατί έχουν καταγραφεί οι απόψεις τους, ίσως γιατί και το ακροατήριό τους είναι το ίδιο, όπως και οι ψηφοφόροι τους…
Ο Γιάννης πέτυχε πολλά τρίποντα κατά της ακροδεξιάς και του ρατσισμού, αλλά προσοχή, το φίδι πάντα εκκολάπτει τα αυγά του…
Διαβάστε επίσης:
Όταν ο Άδωνης ειρωνευόταν τον… «Ακενοτούμπο»","Βέβαια αυτό δεν σημαίνει πως οι μεταγραφές από τον ΛΑΟΣ προς τη Νέα Δημοκρατία (επί Αντώνη Σαμαρά) έχουν αλλάξει τις απόψεις τους, αλλά σήμερα και οι τρεις μάλλον θέλουν να ξεχάσουν το τι έλεγαν χρόνια πριν απευθυνόμενοι στο ακροδεξιό κοινό τους. Τι έλεγαν πριν από μερικά χρόνια οι κύριοι Θάνος Πλεύρης, Μάκης Βορίδης και Άδωνης Γεωργιάδης Ο Θάνος Πλεύρης αναρωτιέται από βήματος (βλ. βίντεο) αν μπορεί ένας αλλοδαπός να έχει την ελληνική ιθαγένεια και απαντά (μαζί με το κοινό του) «Όχι και δεν θα εκχωρήσουμε το δικαίωμα να αποφασίζει για τις τύχες του ελληνικού έθνους κανένας παρά μόνον όσοι γεννήθηκαν","είναι… αυτό που νομίζουμε. Τα δύο άλλα ακροδεξιά μεγαλοστελέχη της Νέας Δημοκρατίας απέχουν παντελώς από κάθε σχόλιο Πλήρης σιγή (μέχρι στιγμής) από τον υπουργό Εσωτερικών Μάκη Βορίδη που περιορίζεται στο υπουργείο του… Ο υπουργός Ανάπτυξης και Επενδύσεων Άδωνης Γεωργιάδης επιλέγει τη σιωπή (εξάλλου έχει πει τόσα) αλλά ένα εθνικοπατριωτικό δεν λείπει: Ίσως γιατί έχουν καταγραφεί οι απόψεις τους, ίσως γιατί και το ακροατήριό τους είναι το ίδιο, όπως και οι ψηφοφόροι τους… Ο Γιάννης πέτυχε πολλά τρίποντα κατά της ακροδεξιάς και του ρατσισμού, αλλά προσοχή, το φίδι πάντα εκκολάπτει τα αυγά του… Διαβάστε επίσης: Όταν ο Άδωνης ειρωνευόταν τον… «Ακενοτούμπο»",Neutral,0.0,Yes,", the article contains references to discrimination against people of African descent by highlighting the exclusionary views of Greek politicians about citizenship and heritage,",Yes,", the author's motivation appears to be critical of racism and advocates against discriminatory views"
